policy,update,panel,dump_reach_m,host,maps,exact,macro,worst_cell,stalled_over_100,foundation_exact,foundation_maps,trench_exact,trench_maps,road_exact,road_maps,road32,straight32,tee32
ff,110000,development,6.5,euler_4090,608,598,0.996,0.933,19,381,384,217,224,32,32,14,29,32
gru,2500,development,6.5,local_4090,608,597,0.994,0.906,15,380,384,217,224,30,32,12,30,32
gru,5000,development,6.5,local_4090,608,597,0.992,0.937,18,378,384,219,224,32,32,18,32,32
gru,7500,development,6.5,local_4090,608,597,0.991,0.886,17,377,384,220,224,30,32,11,31,32
gru,10000,development,6.5,local_4090,608,586,0.977,0.866,29,368,384,218,224,32,32,28,31,32
gru,12500,development,6.5,local_4090,608,593,0.987,0.853,24,373,384,220,224,31,32,23,29,32
gru,15000,development,6.5,local_4090,608,599,0.991,0.921,18,379,384,220,224,31,32,29,32,32
ff,110000,development,5.5,local_4090,608,537,0.925,0.691,180,336,384,201,224,25,32,14,27,32
gru,15000,development,5.5,local_4090,608,540,0.939,0.709,108,332,384,208,224,25,32,18,23,32
gru,22500,development,5.5,local_4090,608,590,0.99,0.928,26,374,384,216,224,30,32,24,32,32
gru,25000,development,5.5,local_4090,608,597,0.993,0.932,21,378,384,219,224,31,32,29,32,32
gru,30000,development,5.5,local_4090,608,583,0.971,0.802,44,366,384,217,224,27,32,32,32,28
gru,35000,development,5.5,local_4090,608,596,0.992,0.937,16,377,384,219,224,31,32,32,32,32
gru,40000,development,5.5,local_4090,608,600,0.996,0.937,18,378,384,222,224,32,32,32,32,32
gru,45000,development,5.5,local_4090,608,600,0.994,0.906,17,379,384,221,224,31,32,32,32,32
gru,50000,development,5.5,local_4090,608,594,0.989,0.829,26,373,384,221,224,30,32,32,32,32
gru,60000,development,5.5,local_4090,608,601,0.996,0.937,15,381,384,220,224,31,32,25,32,32
gru,70000,development,5.5,local_4090,608,603,0.995,0.937,12,381,384,222,224,31,32,28,32,32
gru,80000,development,5.5,local_4090,608,601,0.99,0.875,14,378,384,223,224,31,32,27,32,32
gru,90000,development,5.5,local_4090,608,600,0.994,0.845,18,379,384,221,224,31,32,17,32,32
gru,100000,development,5.5,local_4090,608,602,0.994,0.928,13,381,384,221,224,32,32,32,32,32
ff,110000,promotion,5.5,local_4090,608,517,0.914,0.573,196,323,384,194,224,20,32,,,
gru,40000,promotion,5.5,local_4090,608,594,0.992,0.841,22,375,384,219,224,31,32,,,
gru,45000,promotion,5.5,local_4090,608,597,0.995,0.928,21,376,384,221,224,31,32,,,
gru,70000,promotion,5.5,local_4090,608,593,0.987,0.758,19,374,384,219,224,31,32,,,
gru,80000,promotion,5.5,local_4090,608,598,0.995,0.852,17,380,384,218,224,31,32,,,
gru,100000,promotion,5.5,local_4090,608,597,0.994,0.928,17,378,384,219,224,31,32,,,
